Enter password: *********                                                                                                                                                   Welcome to the MySQL monitor.  Commands end with ; or \g.                                                                                                                   Your MySQL connection id is 12                                                                                                                                              Server version: 8.0.33 MySQL Community Server - GPL                                                                                                                                                                                                                                                                                                     Copyright (c) 2000, 2023, Oracle and/or its affiliates.                                                                                                                                                                                                                                                                                                 Oracle is a registered trademark of Oracle Corporation and/or its                                                                                                           affiliates. Other names may be trademarks of their respective                                                                                                               owners.                                                                                                                                                                                                                                                                                                                                                 Type 'help;' or '\h' for help. Type '\c' to clear the current input statement.                                                                                                                                                                                                                                                                          mysql> show databases                                                                                                                                                           -> ^C                                                                                                                                                                   mysql> show databases;                                                                                                                                                      +--------------------+                                                                                                                                                      | Database           |                                                                                                                                                      +--------------------+                                                                                                                                                      | classicmodels      |                                                                                                                                                      | information_schema |                                                                                                                                                      | movie_database     |                                                                                                                                                      | movies_db_pw       |                                                                                                                                                      | mysql              |                                                                                                                                                      | performance_schema |                                                                                                                                                      | pwcourses          |                                                                                                                                                      | sakila             |                                                                                                                                                      | sys                |                                                                                                                                                      | test               |                                                                                                                                                      | world              |                                                                                                                                                      +--------------------+                                                                                                                                                      11 rows in set (0.04 sec)                                                                                                                                                                                                                                                                                                                               mysql> use pwcourses;                                                                                                                                                       Database changed                                                                                                                                                            mysql> show tables;                                                                                                                                                         Empty set (0.05 sec)                                                                                                                                                                                                                                                                                                                                    mysql> create table instructors (id int, name varchar(255), skills varchar(255));                                                                                           Query OK, 0 rows affected (0.11 sec)                                                                                                                                                                                                                                                                                                                    mysql> show table;                                                                                                                                                          ERROR 1064 (42000): You have an error in your SQL syntax; check the manual that corresponds to your MySQL server version for the right syntax to use near '' at line 1      mysql> show tables;                                                                                                                                                         +---------------------+                                                                                                                                                     | Tables_in_pwcourses |                                                                                                                                                     +---------------------+                                                                                                                                                     | instructors         |                                                                                                                                                     +---------------------+                                                                                                                                                     1 row in set (0.04 sec)                                                                                                                                                                                                                                                                                                                                 mysql> create table courses (id int, course_name varchar(255), instructor_id int);                                                                                          Query OK, 0 rows affected (0.09 sec)                                                                                                                                                                                                                                                                                                                    mysql> show tables                                                                                                                                                              -> ^C                                                                                                                                                                   mysql> show tables;                                                                                                                                                         +---------------------+                                                                                                                                                     | Tables_in_pwcourses |                                                                                                                                                     +---------------------+                                                                                                                                                     | courses             |                                                                                                                                                     | instructors         |                                                                                                                                                     +---------------------+                                                                                                                                                     2 rows in set (0.00 sec)                                                                                                                                                                                                                                                                                                                                mysql> create table students (id int, name varchar(255), age int, course_id int);                                                                                           Query OK, 0 rows affected (0.09 sec)                                                                                                                                                                                                                                                                                                                    mysql> show tables;                                                                                                                                                         +---------------------+                                                                                                                                                     | Tables_in_pwcourses |                                                                                                                                                     +---------------------+                                                                                                                                                     | courses             |                                                                                                                                                     | instructors         |                                                                                                                                                     | students            |                                                                                                                                                     +---------------------+                                                                                                                                                     3 rows in set (0.00 sec)                                                                                                                                                                                                                                                                                                                                mysql> desc students;                                                                                                                                                       +-----------+--------------+------+-----+---------+-------+                                                                                                                 | Field     | Type         | Null | Key | Default | Extra |                                                                                                                 +-----------+--------------+------+-----+---------+-------+                                                                                                                 | id        | int          | YES  |     | NULL    |       |                                                                                                                 | name      | varchar(255) | YES  |     | NULL    |       |                                                                                                                 | age       | int          | YES  |     | NULL    |       |                                                                                                                 | course_id | int          | YES  |     | NULL    |       |                                                                                                                 +-----------+--------------+------+-----+---------+-------+                                                                                                                 4 rows in set (0.04 sec)                                                                                                                                                                                                                                                                                                                                mysql> insert into instructors (id, name, skills) values (1, "Navneet", "[Node, DSA, SQL]");                                                                                Query OK, 1 row affected (0.06 sec)                                                                                                                                                                                                                                                                                                                     mysql> desc instructors;                                                                                                                                                    +--------+--------------+------+-----+---------+-------+                                                                                                                    | Field  | Type         | Null | Key | Default | Extra |                                                                                                                    +--------+--------------+------+-----+---------+-------+                                                                                                                    | id     | int          | YES  |     | NULL    |       |                                                                                                                    | name   | varchar(255) | YES  |     | NULL    |       |                                                                                                                    | skills | varchar(255) | YES  |     | NULL    |       |                                                                                                                    +--------+--------------+------+-----+---------+-------+                                                                                                                    3 rows in set (0.00 sec)                                                                                                                                                                                                                                                                                                                                mysql> select name from instructor;                                                                                                                                         ERROR 1146 (42S02): Table 'pwcourses.instructor' doesn't exist                                                                                                              mysql> select name from instructors;                                                                                                                                        +---------+                                                                                                                                                                 | name    |                                                                                                                                                                 +---------+                                                                                                                                                                 | Navneet |                                                                                                                                                                 +---------+                                                                                                                                                                 1 row in set (0.00 sec)                                                                                                                                                                                                                                                                                                                                 mysql> select name, id from instructors;                                                                                                                                    +---------+------+                                                                                                                                                          | name    | id   |                                                                                                                                                          +---------+------+                                                                                                                                                          | Navneet |    1 |                                                                                                                                                          +---------+------+                                                                                                                                                          1 row in set (0.00 sec)                                                                                                                                                                                                                                                                                                                                 mysql> select * from instructors;                                                                                                                                           +------+---------+------------------+                                                                                                                                       | id   | name    | skills           |                                                                                                                                       +------+---------+------------------+                                                                                                                                       |    1 | Navneet | [Node, DSA, SQL] |                                                                                                                                       +------+---------+------------------+                                                                                                                                       1 row in set (0.00 sec)                                                                                                                                                                                                                                                                                                                                 mysql> insert into courses (id, course_name, instructor_id) values (1, "Full Stack Dev Course", 1);                                                                         Query OK, 1 row affected (0.04 sec)                                                                                                                                                                                                                                                                                                                     mysql> select * from courses;                                                                                                                                               +------+-----------------------+---------------+                                                                                                                            | id   | course_name           | instructor_id |                                                                                                                            +------+-----------------------+---------------+                                                                                                                            |    1 | Full Stack Dev Course |             1 |                                                                                                                            +------+-----------------------+---------------+                                                                                                                            1 row in set (0.00 sec)                                                                                                                                                                                                                                                                                                                                 mysql> insert into students (id, name, age, course_id) values(1,"Aditya", 20, 1), (2, "Sanju", 23, 1), (1, "Vikarant", 21, 1);                                              Query OK, 3 rows affected (0.01 sec)                                                                                                                                        Records: 3  Duplicates: 0  Warnings: 0                                                                                                                                                                                                                                                                                                                  mysql> select * from students;                                                                                                                                              +------+----------+------+-----------+                                                                                                                                      | id   | name     | age  | course_id |                                                                                                                                      +------+----------+------+-----------+                                                                                                                                      |    1 | Aditya   |   20 |         1 |                                                                                                                                      |    2 | Sanju    |   23 |         1 |                                                                                                                                      |    1 | Vikarant |   21 |         1 |                                                                                                                                      +------+----------+------+-----------+                                                                                                                                      3 rows in set (0.00 sec)                                                                                                                                                                                                                                                                                                                                mysql> update students set id = 3 where course_id = 1;                                                                                                                      Query OK, 3 rows affected (0.04 sec)                                                                                                                                        Rows matched: 3  Changed: 3  Warnings: 0                                                                                                                                                                                                                                                                                                                mysql> select * from students;                                                                                                                                              +------+----------+------+-----------+                                                                                                                                      | id   | name     | age  | course_id |                                                                                                                                      +------+----------+------+-----------+                                                                                                                                      |    3 | Aditya   |   20 |         1 |                                                                                                                                      |    3 | Sanju    |   23 |         1 |                                                                                                                                      |    3 | Vikarant |   21 |         1 |                                                                                                                                      +------+----------+------+-----------+                                                                                                                                      3 rows in set (0.00 sec)                                                                                                                                                                                                                                                                                                                                mysql> update students set id = 1 where age = 20;                                                                                                                           Query OK, 1 row affected (0.04 sec)                                                                                                                                         Rows matched: 1  Changed: 1  Warnings: 0                                                                                                                                                                                                                                                                                                                mysql>                                                                                                                                                                      mysql> update students set id = 2 where age 23;                                                                                                                             ERROR 1064 (42000): You have an error in your SQL syntax; check the manual that corresponds to your MySQL server version for the right syntax to use near '23' at line 1    mysql> update students set id = 2 where age = 23;                                                                                                                           Query OK, 1 row affected (0.02 sec)                                                                                                                                         Rows matched: 1  Changed: 1  Warnings: 0                                                                                                                                                                                                                                                                                                                mysql> update students set id = 3 where age = 21;                                                                                                                           Query OK, 0 rows affected (0.00 sec)                                                                                                                                        Rows matched: 1  Changed: 0  Warnings: 0                                                                                                                                                                                                                                                                                                                mysql> select * from students;                                                                                                                                              +------+----------+------+-----------+                                                                                                                                      | id   | name     | age  | course_id |                                                                                                                                      +------+----------+------+-----------+                                                                                                                                      |    1 | Aditya   |   20 |         1 |                                                                                                                                      |    2 | Sanju    |   23 |         1 |                                                                                                                                      |    3 | Vikarant |   21 |         1 |                                                                                                                                      +------+----------+------+-----------+                                                                                                                                      3 rows in set (0.00 sec)                                                                                                                                                                                                                                                                                                                                mysql> delete from students where id 3;                                                                                                                                     ERROR 1064 (42000): You have an error in your SQL syntax; check the manual that corresponds to your MySQL server version for the right syntax to use near '3' at line 1     mysql> delete from students where id = 3;                                                                                                                                   Query OK, 1 row affected (0.04 sec)                                                                                                                                                                                                                                                                                                                     mysql> select * from students order by id desc;                                                                                                                             +------+--------+------+-----------+                                                                                                                                        | id   | name   | age  | course_id |                                                                                                                                        +------+--------+------+-----------+                                                                                                                                        |    2 | Sanju  |   23 |         1 |                                                                                                                                        |    1 | Aditya |   20 |         1 |                                                                                                                                        +------+--------+------+-----------+                                                                                                                                        2 rows in set (0.00 sec)                                                                                                                                                                                                                                                                                                                                mysql> select * from students order by id asc;                                                                                                                              +------+--------+------+-----------+                                                                                                                                        | id   | name   | age  | course_id |                                                                                                                                        +------+--------+------+-----------+                                                                                                                                        |    1 | Aditya |   20 |         1 |                                                                                                                                        |    2 | Sanju  |   23 |         1 |                                                                                                                                        +------+--------+------+-----------+                                                                                                                                        2 rows in set (0.00 sec)                                                                                                                                                                                                                                                                                                                                mysql> select * from students order by age desc;                                                                                                                            +------+--------+------+-----------+                                                                                                                                        | id   | name   | age  | course_id |                                                                                                                                        +------+--------+------+-----------+                                                                                                                                        |    2 | Sanju  |   23 |         1 |                                                                                                                                        |    1 | Aditya |   20 |         1 |                                                                                                                                        +------+--------+------+-----------+                                                                                                                                        2 rows in set (0.00 sec)                                                                                                                                                                                                                                                                                                                                mysql> select COUNT(*) from students order by age desc;                                                                                                                     +----------+                                                                                                                                                                | COUNT(*) |                                                                                                                                                                +----------+                                                                                                                                                                |        2 |                                                                                                                                                                +----------+                                                                                                                                                                1 row in set (0.01 sec)                                                                                                                                                                                                                                                                                                                                 mysql> select * from students order by age desc limit 1;                                                                                                                    +------+-------+------+-----------+                                                                                                                                         | id   | name  | age  | course_id |                                                                                                                                         +------+-------+------+-----------+                                                                                                                                         |    2 | Sanju |   23 |         1 |                                                                                                                                         +------+-------+------+-----------+                                                                                                                                         1 row in set (0.00 sec)                                                                                                                                                                                                                                                                                                                                 mysql> ^C                                                                                                                                                                   mysql> 